grid_section,grid_section_lat,grid_section_long,venue,v_lat,v_long,category
49.0,43.8389999,-111.80579053333332,Madison County Fair,43.83093172922522,-111.79675088643832,Flea Market
63.0,43.8389999,-111.80579053333332,The Church of Jesus Christ of Latter-day Saints,43.829912,-111.800706,Church
32.0,43.8389999,-111.80579053333332,Nature Park,43.8347977396839,-111.80126399326106,Park
18.0,43.8389999,-111.80579053333332,Eagle park,43.8373598311527,-111.79807634885206,Park
96.0,43.8389999,-111.80579053333332,Great Scott's,43.8251285,-111.7889202,Gas Station
81.0,43.8389999,-111.80579053333332,Broulim's Grocery Store,43.82689440106231,-111.78757418373121,Grocery Store
81.0,43.8389999,-111.80579053333332,Idaho Mattress Outlet - Rexburg,43.82641557999773,-111.78889274597167,Furniture / Home Store
81.0,43.8389999,-111.80579053333332,BMC - Building Materials & Construction Services,43.82653,-111.790121,Hardware Store
80.0,43.8389999,-111.80579053333332,Wolfe Lighting & Accents,43.82663,-111.791044,None
96.0,43.8389999,-111.80579053333332,Taqueria la Fondita,43.82524,-111.78864473333333,None
81.0,43.8389999,-111.80579053333332,Jamba Juice,43.827121,-111.788548,Juice Bar
48.0,43.8389999,-111.80579053333332,Platt Electric Supply,43.833,-111.8,Hardware Store
46.0,43.8389999,-111.80579053333332,Rexburg Airport,43.83158815988195,-111.80666045980927,Airport Terminal
96.0,43.8389999,-111.80579053333332,The Hickory,43.825150027144275,-111.78851163920272,BBQ Joint
95.0,43.8389999,-111.80579053333332,D&T auto,43.824559450149536,-111.7927497625351,Gas Station
81.0,43.8389999,-111.80579053333332,Izcalli Mexican Food,43.826316,-111.788662,None
67.0,43.8389999,-111.80579053333332,Twin Pines Manor,43.82995479013518,-111.78623387629426,None
65.0,43.8389999,-111.80579053333332,wwe Universe,43.828838,-111.792963,None
81.0,43.8389999,-111.80579053333332,eagle park,43.826399,-111.789391,Campground
67.0,43.8389999,-111.80579053333332,Head Start Preschool,43.82977366447449,-111.78553998470306,College Academic Building
96.0,43.8389999,-111.80579053333332,noble romans,43.825347,-111.789309,Pizza Place
52.0,43.8389999,-111.80579053333332,Rexburg Rapids,43.831470524968466,-111.78546482559013,Pool
94.0,43.8389999,-111.80579053333332,Cambridge Court,43.82578911473906,-111.79610047147395,Residential Building (Apartment / Condo)
65.0,43.8389999,-111.80579053333332,Flamm Funeral Home,43.82903,-111.792639,Funeral Home
109.0,43.8389999,-111.80579053333332,R&S Automotive,43.822152077631706,-111.79736817700412,Automotive Shop
80.0,43.8389999,-111.80579053333332,Madison Gymnastics,43.82627320090807,-111.79270113701601,Gymnastics Gym
81.0,43.8389999,-111.80579053333332,Mickelsen's Home Center,43.82654428482056,-111.78950428962708,Hardware Store
81.0,43.8389999,-111.80579053333332,Hair We Are,43.827168,-111.78841499999999,Salon / Barbershop
107.0,43.8389999,-111.80579053333332,Church Ball In Rexburg,43.82172818020033,-111.80188221018834,Basketball Court
81.0,43.8389999,-111.80579053333332,Tacos Izcalli,43.82608413696289,-111.7883529663086,Taco Place
33.0,43.8389999,-111.80579053333332,Clair Boyle Skate Park,43.834697043753074,-111.79992198944092,Skate Park
81.0,43.8389999,-111.80579053333332,Gaduru,43.827120563994974,-111.78865919301218,Electronics Store
33.0,43.8389999,-111.80579053333332,Rexburg Animal Shelter,43.833441,-111.797717,Animal Shelter
95.0,43.8389999,-111.80579053333332,Rexburg Wellness Spa,43.82576539755439,-111.79282595662151,Spa
63.0,43.8389999,-111.80579053333332,Rexburg YSA 3rd Ward,43.82983666039761,-111.80065155029297,Church
96.0,43.8389999,-111.80579053333332,Back To Health Chiropractic,43.824677,-111.789703,Chiropractor
81.0,43.8389999,-111.80579053333332,Etech,43.827943,-111.78928,Electronics Store
32.0,43.8389999,-111.80579053333332,Nature Trail,43.83440911724726,-111.80125101647613,Trail
51.0,43.8389999,-111.80579053333332,Grace Baptist Church,43.831946,-111.789395,Church
96.0,43.8389999,-111.80579053333332,Maverik Adventures First Stop,43.82569118341519,-111.78990759862064,Gas Station
96.0,43.8389999,-111.80579053333332,Super 8,43.825679,-111.7906,Motel
109.0,43.8389999,-111.80579053333332,The Raspberry Garden,43.822276,-111.79499,Hotel
79.0,43.8389999,-111.80579053333332,Grand Tetons,43.826576471328735,-111.79702520370483,Trail
47.0,43.8389999,-111.80579053333332,awesomenessville,43.8309440612793,-111.80097198486328,Speakeasy
96.0,43.8389999,-111.80579053333332,Gubbins & Games,43.82420807856321,-111.79066536365838,Gaming Cafe
81.0,43.8389999,-111.80579053333332,izcali,43.826335072517395,-111.78864061832428,Food Truck
81.0,43.8389999,-111.80579053333332,Archibald Insurance Agency,43.8260130870596,-111.78809881210327,Coworking Space
94.0,43.8389999,-111.80579053333332,JB's,43.823944091796875,-111.79730224609375,American Restaurant
50.0,43.8389999,-111.80579053333332,Art Guild Of Rexburg,43.8320426940918,-111.79368591308594,Art Gallery
81.0,43.8389999,-111.80579053333332,lovesac,43.827714,-111.788771,General Entertainment
65.0,43.8389999,-111.80579053333332,J14 magazine,43.82897,-111.792916,Bookstore
79.0,43.8389999,-111.80579053333332,Taqueria el rancho,43.826227,-111.796999,Mexican Restaurant
96.0,43.8389999,-111.80579053333332,Mango Moose,43.82442753433309,-111.7897670355043,Dessert Shop
108.0,43.8389999,-111.80579053333332,Park Street Park,43.82225893568753,-111.79866671562195,Playground
95.0,43.8389999,-111.80579053333332,M9 Creations Office,43.825707,-111.792258,Building
81.0,43.8389999,-111.80579053333332,Seed House,43.828204,-111.789528,Other Great Outdoors
94.0,43.8389999,-111.80579053333332,Self Carwash,43.82452392578125,-111.7952880859375,Building
95.0,43.8389999,-111.80579053333332,Snell Grove Town Homes,43.825036,-111.793974,Housing Development
66.0,43.8389999,-111.80579053333332,Premier Site Furniture,43.82920199513754,-111.78984761238098,Furniture / Home Store
67.0,43.8389999,-111.80579053333332,Ace Hardware,43.828602000000004,-111.787224,Hardware Store
67.0,43.8389999,-111.80579053333332,Zippy Lube,43.828602000000004,-111.787224,Automotive Shop
107.0,43.8389999,-111.80579053333332,West Main Ward,43.822015700457555,-111.80383867153886,Church
64.0,43.8389999,-111.80579053333332,Carriage Cove,43.828559,-111.795779,Rehab Center
95.0,43.8389999,-111.80579053333332,St. Patrick's Catholic Church,43.825253,-111.792725,Church
96.0,43.8389999,-111.80579053333332,Conoco Gas Station,43.825073,-111.789083,Gas Station
91.0,43.8389999,-111.80579053333332,Evergreen - Kiwanis Park,43.825156,-111.806247,Park
81.0,43.8389999,-111.80579053333332,The Medicine Shoppe,43.82583590052939,-111.7893038942184,Pharmacy
76.0,43.8389999,-111.80579053333332,Legacy Flight Museum,43.826162644760046,-111.80652910281033,Museum
76.0,43.8389999,-111.80579053333332,Rexburg Golf Course,43.82608382402225,-111.80559221431807,Golf Course
34.0,43.8389999,-111.80579053333332,Eagle Park Campgrounds,43.83539356307914,-111.79636001586914,Campground
9.0,43.8389999,-111.80246559999999,Idaho Central Credit Union,43.83981667,-111.77875,Credit Union
9.0,43.8389999,-111.80246559999999,Deseret Industries,43.83881,-111.7793806,Thrift / Vintage Store
24.0,43.8389999,-111.80246559999999,Wendy's,43.83738150060678,-111.77880495786667,Fast Food Restaurant
82.0,43.8389999,-111.80246559999999,Coinstar,43.8262,-111.7875,Bank
82.0,43.8389999,-111.80246559999999,Rexburg Family History Center,43.82743453979492,-111.78500366210938,Library
54.0,43.8389999,-111.80246559999999,Madison School District Office,43.83225483333333,-111.78076281666667,College Administrative Building
82.0,43.8389999,-111.80246559999999,Madison County Library,43.82783453850124,-111.78466183661617,Library
9.0,43.8389999,-111.80246559999999,Big Five,43.838681758425,-111.7788932145407,Sporting Goods Shop
67.0,43.8389999,-111.80246559999999,Madison Junior High,43.82854910232867,-111.78541317264607,Automotive Shop
91.0,43.8389999,-111.80246559999999,LDS Seminary Building,43.82343965486362,-111.80503432679457,Spiritual Center
82.0,43.8389999,-111.80246559999999,Redbox,43.82734,-111.787405,Video Store
67.0,43.8389999,-111.80246559999999,Pete's Command Center,43.82846450805664,-111.78425598144531,Military Base
9.0,43.8389999,-111.80246559999999,LDS Distribution Center,43.83854738666127,-111.77917440192999,Boutique
64.0,43.8389999,-111.80246559999999,Madison Park Apartments,43.830009,-111.797274,Residential Building (Apartment / Condo)
96.0,43.8389999,-111.80246559999999,The Soda Vine,43.82483767777763,-111.7898378882987,Ice Cream Shop
96.0,43.8389999,-111.80246559999999,Book Viking,43.825325535989144,-111.78855478032061,Bookstore
24.0,43.8389999,-111.79914066666666,Walmart Pharmacy,43.83733,-111.77807,Pharmacy
24.0,43.8389999,-111.79914066666666,Verizon Authorized Retailer – GoWireless,43.836639216033596,-111.7784277051851,Mobile Phone Shop
24.0,43.8389999,-111.79914066666666,Supercuts,43.836327000000004,-111.778884,Salon / Barbershop
24.0,43.8389999,-111.79914066666666,GoWireless Verizon Authorized Retailer,43.836737,-111.778469,Mobile Phone Shop
39.0,43.8389999,-111.79914066666666,Maurices,43.834702,-111.77886,Women's Store
39.0,43.8389999,-111.79914066666666,Dollar Tree,43.834529285737894,-111.77935046056719,Discount Store
24.0,43.8389999,-111.79914066666666,Jack in the Box,43.8357513,-111.7785756,Fast Food Restaurant
24.0,43.8389999,-111.79914066666666,rent a center,43.83625388145447,-111.77869498729706,Furniture / Home Store
53.0,43.8389999,-111.79914066666666,Heaven's Best Carpet Cleaning,43.83169,-111.78214,Home Service
24.0,43.8389999,-111.79914066666666,Jensen Jewelers,43.836737,-111.778469,Jewelry Store
24.0,43.8389999,-111.79914066666666,Cricket Wireless Authorized Retailer,43.836327000000004,-111.778884,Mobile Phone Shop
9.0,43.8389999,-111.79914066666666,Auto Zone,43.839203201119425,-111.77763607577498,Automotive Shop
24.0,43.8389999,-111.79914066666666,Hõkūlià,43.83776967432516,-111.77816862074457,Dessert Shop
68.0,43.8389999,-111.79914066666666,Middletown Apartments,43.828618,-111.78335,Residential Building (Apartment / Condo)
24.0,43.8389999,-111.79914066666666,T-Rex Burgers,43.8376,-111.77855,Burger Joint
9.0,43.8389999,-111.79914066666666,Teton Lanes,43.838145000000004,-111.779323,Bowling Alley
81.0,43.8389999,-111.79914066666666,Los Locos Churrería,43.82613,-111.788315,Mexican Restaurant
39.0,43.8389999,-111.79581573333333,Halloween City,43.8340778,-111.7780397,Costume Shop
24.0,43.8389999,-111.79581573333333,Dan's Ace Hardware.,43.837549,-111.7779,Hardware Store
10.0,43.8389999,-111.79581573333333,AutoZone Auto Parts,43.838829364068935,-111.77740255398464,Automotive Shop
39.0,43.8389999,-111.79581573333333,A2 Global Shipping,43.834532,-111.778083,Post Office
24.0,43.8389999,-111.79581573333333,Cash Store,43.83672018886788,-111.77858238648815,Financial or Legal Service
39.0,43.8389999,-111.79581573333333,Bealls,43.83332,-111.77887,Department Store
10.0,43.8389999,-111.79581573333333,Grease Monkey,43.838381,-111.777521,Gas Station
24.0,43.8389999,-111.79581573333333,Arby's,43.8361424,-111.7775384,Fast Food Restaurant
24.0,43.8389999,-111.79581573333333,Coinstar,43.8357,-111.7779,Bank
39.0,43.8389999,-111.79581573333333,McDonald's,43.83376630982399,-111.77858277227642,Fast Food Restaurant
39.0,43.8389999,-111.79581573333333,Redbox,43.834791,-111.778072,Video Store
40.0,43.8389999,-111.79581573333333,C-A-L Ranch Stores,43.83450959976762,-111.77746494843592,Miscellaneous Shop
54.0,43.8389999,-111.79581573333333,Nature's Nook,43.83283761797026,-111.7791936133322,Miscellaneous Shop
54.0,43.8389999,-111.79581573333333,Orchard Chiropractic,43.832989,-111.779164,Chiropractor
39.0,43.8389999,-111.79581573333333,Redbox,43.834547,-111.778074,Video Store
82.0,43.8389999,-111.79581573333333,The Wishing Well Bookstore,43.827940999999996,-111.784578,Bookstore
25.0,43.8389999,-111.7924908,Walmart Auto Care Centers,43.8374,-111.7753758,Automotive Shop
25.0,43.8389999,-111.7924908,U.S. Bank ATM,43.83648925,-111.77545481,ATM
25.0,43.8389999,-111.7924908,Albertsons Pharmacy,43.83649636871891,-111.77550154930941,Pharmacy
10.0,43.8389999,-111.7924908,Sears Hometown Store,43.8398228,-111.7774014,Electronics Store
25.0,43.8389999,-111.7924908,Sally's Beauty Supply,43.83685725731151,-111.77615264128116,Cosmetics Shop
54.0,43.8389999,-111.7924908,June's Place,43.83191088515113,-111.77819609642029,Coffee Shop
25.0,43.8389999,-111.7924908,Albertsons,43.8364017,-111.7754723,Grocery Store
54.0,43.8389999,-111.7924908,Subway,43.83274,-111.77854099999999,Sandwich Place
39.0,43.8389999,-111.7924908,Dairy Queen,43.83350520293808,-111.77762478590012,Fast Food Restaurant
54.0,43.8389999,-111.7924908,Rays Carwash,43.83254355023961,-111.77870409936371,Car Wash
39.0,43.8389999,-111.7924908,CALl,43.833954,-111.77759189,None
54.0,43.8389999,-111.7924908,chesbro music,43.831523991978806,-111.77886247024247,Music Store
25.0,43.8389999,-111.7924908,Citizens Community Bank,43.835677000000004,-111.776905,Bank
25.0,43.8389999,-111.7924908,Westmark,43.83716977189956,-111.77634650756629,Bank
10.0,43.8389999,-111.7924908,Poor Boys Auto Repair,43.840099,-111.776425,Automotive Shop
54.0,43.8389999,-111.7924908,Chevron,43.83177046083165,-111.77822588976773,Gas Station
54.0,43.8389999,-111.7924908,Business Development & Entrepreneurial Center,43.83229945844702,-111.77779173525855,Tech Startup
25.0,43.8389999,-111.7924908,Downeast Outfitters,43.83669807149552,-111.77625981325704,Clothing Store
54.0,43.8389999,-111.7924908,AT&T - Spring Mobile,43.8317947387695,-111.778715133667,Mobile Phone Shop
10.0,43.8389999,-111.7924908,BIG 5 Sporting Goods,43.839664,-111.776649,Sporting Goods Shop
54.0,43.8389999,-111.78916586666666,AT&T,43.83169909767351,-111.77890475214963,Mobile Phone Shop
69.0,43.8389999,-111.78916586666666,Williams Engineering Buiding,43.830482,-111.778402,None
54.0,43.8389999,-111.78916586666666,Bell Black Insurance,43.8310654,-111.7784516,Financial or Legal Service
40.0,43.8389999,-111.78916586666666,1st Floor Loo @RDC,43.834580183029175,-111.77471995353699,Event Space
24.0,43.8389999,-111.78916586666666,Fat Cats Rexburg,43.8361033,-111.7807532,Bowling Alley
54.0,43.8389999,-111.78916586666666,Rfinity-Rexburg Office,43.831753019999994,-111.77801072,Office
40.0,43.8389999,-111.78916586666666,Corda,43.83401890000001,-111.77534923333333,Tech Startup
40.0,43.8389999,-111.78916586666666,Kynetx - Rexburg Office,43.834772697763086,-111.77436291910216,Office
55.0,43.8389999,-111.78916586666666,Aspen Ridge Dental,43.83195966925814,-111.77686586548907,Dentist's Office
54.0,43.8389999,-111.78916586666666,Standard Plumbing,43.830738000000004,-111.779077,Hardware Store
55.0,43.8389999,-111.78916586666666,AffinityAmp-Stone Pagoda,43.832312,-111.777482,Tech Startup
40.0,43.8389999,-111.78916586666666,Business Development Center,43.834596276283264,-111.77458047866821,Office
54.0,43.8389999,-111.78584093333333,Metro by T-Mobile,43.830842,-111.777534,Mobile Phone Shop
55.0,43.8389999,-111.78584093333333,Sonic Drive-In,43.8306424,-111.7774937,Fast Food Restaurant
54.0,43.8389999,-111.78584093333333,Eminent Hi Fi,43.830861883333334,-111.77765635,Building
55.0,43.8389999,-111.78584093333333,Dr. Hopkin,43.83181381225586,-111.77642822265625,Doctor's Office
40.0,43.8389999,-111.78584093333333,SIRI Cybersecurity Center,43.834659576416016,-111.77423858642578,Tech Startup
41.0,43.8389999,-111.78584093333333,Appible,43.83454176520663,-111.7740450905426,Tech Startup
41.0,43.8389999,-111.78584093333333,Madison Memorial Surgery Center,43.83431891,-111.77296441,Medical Center
40.0,43.8389999,-111.78584093333333,Openbook,43.834155300878855,-111.77440881729126,Office
69.0,43.8389999,-111.78584093333333,Bank Of Commerce,43.830006,-111.778508,Building
41.0,43.8389999,-111.78584093333333,Department of Health and Welfare,43.833861,-111.773941,Government Building
54.0,43.8389999,-111.78584093333333,GamePulse,43.830841,-111.777544,Video Game Store
55.0,43.8389999,-111.78584093333333,Upper Valley Family Practicw,43.831746558000965,-111.77633926936826,Doctor's Office
24.0,43.8389999,-111.782516,Costa Vida,43.83658600229945,-111.77888367792718,Mexican Restaurant
24.0,43.8389999,-111.782516,Teton River Village,43.836967,-111.77907,Shopping Plaza
24.0,43.8389999,-111.782516,Sushi Bar & Asian Fusion,43.836656,-111.778473,Sushi Restaurant
10.0,43.8389999,-111.782516,Mandarin Restaurant,43.84018,-111.77741026,Chinese Restaurant
9.0,43.8389999,-111.782516,Karie Anne's Delectable Desserts Mobile Location,43.83783905544017,-111.77842140197752,Ice Cream Shop
24.0,43.8389999,-111.782516,Cold Stone Creamery,43.836327000000004,-111.778884,Ice Cream Shop
39.0,43.8389999,-111.782516,Dino-Mite Fireworks,43.83412551879883,-111.77833557128906,Miscellaneous Shop
9.0,43.8389999,-111.782516,KFC,43.83796234524494,-111.77762832343106,Fried Chicken Joint
39.0,43.8389999,-111.782516,Downeast Outlet,43.834701839514224,-111.77897926173101,Clothing Store
54.0,43.8389999,-111.782516,Computer Medical Center,43.831641,-111.77887199999999,Electronics Store
23.0,43.8389999,-111.782516,Cinema 6,43.836132,-111.78087,Movie Theater
12.0,43.8389999,-111.77919106666667,Tire Factory,43.839349883333334,-111.76950148333333,None
12.0,43.8389999,-111.77919106666667,Stonebridge Ward Chapel,43.839443333333335,-111.7695242,None
55.0,43.8389999,-111.77919106666667,Brentwood,43.831909139708905,-111.77434910057384,Residential Building (Apartment / Condo)
55.0,43.8389999,-111.77919106666667,Karie Anne's,43.83261071767574,-111.77747190128976,Juice Bar
54.0,43.8389999,-111.77919106666667,Pizza Pie Café,43.83135619637333,-111.777675009452,Pizza Place
58.0,43.8389999,-111.77586613333334,Rotary Park,43.830751,-111.767524,Playground
71.0,43.8389999,-111.77586613333334,Derma Chic,43.830584466666664,-111.77231501666667,Doctor's Office
70.0,43.8389999,-111.77586613333334,The Church of Jesus Christ of Latter-day Saints,43.829741,-111.774542,Church
70.0,43.8389999,-111.77586613333334,Vickie's Palace of Fine Arts,43.830083,-111.775445,Art Museum
71.0,43.8389999,-111.7725412,The PC Penguin - Rexburg Computer Repair,43.82844348390122,-111.77359342575073,Miscellaneous Shop
58.0,43.8389999,-111.7725412,Rexburg Cemetary,43.83169101798617,-111.76468544381888,Housing Development
86.0,43.8389999,-111.7725412,Veteran's Memorial Service,43.827127676239975,-111.77376508712769,Historic Site
58.0,43.8389999,-111.7725412,The Church of Jesus Christ of Latter-day Saints,43.832269000000004,-111.765748,Church
58.0,43.8389999,-111.7725412,Mill Hollow 1st,43.832124,-111.765825,Church
58.0,43.8389999,-111.7725412,Mill Hollow 3rd Ward,43.83235,-111.76585,Church
70.0,43.8389999,-111.7725412,LDS Church,43.829804274340745,-111.77456132576656,Church
57.0,43.8389999,-111.7725412,Madison High School,43.83139120967856,-111.76947054596114,None
56.0,43.8389999,-111.7725412,Rexburg Medical Center,43.830742171023324,-111.77270999234187,Medical Center
86.0,43.8389999,-111.7725412,Smith Park West Diamond,43.827734397793385,-111.7725307681823,Baseball Field
70.0,43.8389999,-111.76921626666667,Fancy Nails,43.82998657296478,-111.77741852228348,Salon / Barbershop
70.0,43.8389999,-111.76921626666667,"Las Ll's Imports, Inc.",43.82993,-111.77726,Grocery Store
88.0,43.8389999,-111.76589133333334,Hidden Valley Park,43.82672071110776,-111.76680015482047,Playground
55.0,43.8389999,-111.76256640000001,Sonic,43.830898,-111.777375,Fast Food Restaurant
103.0,43.8389999,-111.75924146666668,PBnJ Media,43.82461982131735,-111.7673921585083,Office
108.0,43.836601699999996,-111.80579053333332,Real Deals,43.82132010108761,-111.79764996260957,Flea Market
96.0,43.836601699999996,-111.80579053333332,Elizabeth Custom Rings offices,43.82395935058594,-111.7905502319336,Jewelry Store
18.0,43.836601699999996,-111.80246559999999,Rexburg Water Reclamation Plant,43.837011,-111.800332,Recycling Facility
83.0,43.836601699999996,-111.79914066666666,Garth Wilcox CPA,43.827937,-111.783395,Financial or Legal Service
18.0,43.836601699999996,-111.79914066666666,Rexburg Water Reclamation Facility,43.836322242867624,-111.79962158203125,Recycling Facility
96.0,43.836601699999996,-111.79914066666666,Porter Park Church,43.82418596686923,-111.78925552286698,Church
98.0,43.836601699999996,-111.79914066666666,Original Thai LLC,43.825784000000006,-111.783387,Restaurant
82.0,43.836601699999996,-111.79914066666666,Teton Flood Museum,43.82745276083058,-111.78445100784302,History Museum
83.0,43.836601699999996,-111.79914066666666,The Floral Shoppe,43.827936,-111.78161100000001,Professional & Other Places
96.0,43.836601699999996,-111.79914066666666,Sup Shack,43.825241,-111.789093,Café
96.0,43.836601699999996,-111.79914066666666,bambino,43.824432373046875,-111.78941345214844,Food Truck
96.0,43.836601699999996,-111.79914066666666,Running For Sweets,43.8255615234375,-111.78857421875,Dessert Shop
96.0,43.836601699999996,-111.79914066666666,Clay's House Of Fire,43.82498,-111.788284,Building
82.0,43.836601699999996,-111.79914066666666,Rexburg Tabernacle,43.82711796235148,-111.78466289325175,Concert Hall
81.0,43.836601699999996,-111.79914066666666,JB's Restaurant,43.826378999999996,-111.788393,Food
96.0,43.836601699999996,-111.79914066666666,Red Rabbit Grill,43.825287,-111.788436,Restaurant
96.0,43.836601699999996,-111.79581573333333,The Church of Jesus Christ of Latter-day Saints,43.824426,-111.788901,Church
97.0,43.836601699999996,-111.79581573333333,The Doghouse,43.824779,-111.78675,Food Truck
51.0,43.836601699999996,-111.79581573333333,Mountain Shores Apartments,43.832708,-111.788956,Residential Building (Apartment / Condo)
96.0,43.836601699999996,-111.79581573333333,Zions First National Bank,43.825679,-111.788101,Bank
96.0,43.836601699999996,-111.79581573333333,AlphaGraphics,43.8242246,-111.7899862,Print Shop
95.0,43.836601699999996,-111.79581573333333,Tammy Sluder - State Farm Insurance Agent,43.825714,-111.79213,Office
96.0,43.836601699999996,-111.79581573333333,Pizza Hut,43.82577604066997,-111.7887975275516,Pizza Place
79.0,43.836601699999996,-111.79581573333333,Homestead Assisted Leaving,43.826994701797844,-111.79542601647839,Assisted Living
96.0,43.836601699999996,-111.79581573333333,Domino's Pizza,43.82567638415164,-111.78863525390625,Pizza Place
69.0,43.836601699999996,-111.782516,Advance Auto Parts,43.828428003979674,-111.77847974002361,Automotive Shop
69.0,43.836601699999996,-111.782516,Clair and Dee's Point S,43.828733,-111.77853200000001,Automotive Shop
69.0,43.836601699999996,-111.782516,CARQUEST Auto Parts,43.828434,-111.778478,Automotive Shop
69.0,43.836601699999996,-111.77919106666667,Adams Elementary School,43.828499,-111.777672,Elementary School
72.0,43.836601699999996,-111.7725412,Madison Junior High School,43.829223,-111.76938500000001,College Academic Building
102.0,43.836601699999996,-111.76256640000001,Red Beetle Graphics,43.824634,-111.770337,Nightlife Spot
102.0,43.836601699999996,-111.76256640000001,The Paragon,43.82516386671228,-111.7705815850911,Deli / Bodega
100.0,43.836601699999996,-111.76256640000001,Smith Park,43.825151457584845,-111.77551525884317,Park
108.0,43.8342035,-111.80246559999999,Tic's Honey Pot,43.821285123350535,-111.79838296656288,Tea Room
82.0,43.8342035,-111.79914066666666,Taco Bell,43.82633231916609,-111.78453994475441,Fast Food Restaurant
83.0,43.8342035,-111.79914066666666,H&R Block,43.826454999999996,-111.784098,Financial or Legal Service
97.0,43.8342035,-111.79914066666666,Melaleuca Call Center,43.82527169712477,-111.78576218878501,Coworking Space
82.0,43.8342035,-111.79914066666666,The Cocoa Lodge,43.82640108173329,-111.78488506351498,Café
96.0,43.8342035,-111.79914066666666,Rexburg YSA 1st Ward,43.824667,-111.788965,Building
83.0,43.8342035,-111.79581573333333,Farmers Insurance,43.8261,-111.7841056,Insurance Office
83.0,43.8342035,-111.79581573333333,Smashed,43.826454999999996,-111.784098,Sandwich Place
82.0,43.8342035,-111.79581573333333,Ramire's Mexican Food,43.82583245043216,-111.7847441057301,Mexican Restaurant
83.0,43.8342035,-111.79581573333333,Red Gallery,43.826542,-111.784118,Art Gallery
82.0,43.8342035,-111.79581573333333,Thor's Ice Cream,43.82644992072732,-111.78418616240837,Dessert Shop
82.0,43.8342035,-111.79581573333333,Gandolfo's Food Truck,43.82644708903865,-111.78475295316645,Food Truck
82.0,43.8342035,-111.79581573333333,Snoasis,43.82624434363373,-111.78486692163116,Ice Cream Shop
83.0,43.8342035,-111.7924908,second helpings thrift store,43.82654873594557,-111.78335757755593,Thrift / Vintage Store
83.0,43.8342035,-111.7924908,Allstate,43.82653101102868,-111.78353635928487,Office
83.0,43.8342035,-111.78584093333333,Olive Ave,43.82637716,-111.78196603,Clothing Store
69.0,43.8342035,-111.782516,Fair Land,43.83008,-111.77768,Ice Cream Shop
69.0,43.8342035,-111.782516,The Singing Waffle,43.82978,-111.778556,Karaoke Bar
85.0,43.8342035,-111.7725412,The Home Town Dry Clean/Laundry,43.827884674072266,-111.77716827392578,Laundry Service
85.0,43.8342035,-111.7725412,Teton Cleaners and Laundry,43.828051,-111.776856,Dry Cleaner
85.0,43.8342035,-111.7725412,Ellison Orthodontics,43.82789611816406,-111.77718222141266,Dentist's Office
84.0,43.8342035,-111.76256640000001,Washington Federal Bank,43.82796174091439,-111.77757913119194,Bank
84.0,43.8342035,-111.75924146666668,O'Reilly Auto Parts,43.82735987969966,-111.77870839834213,Automotive Shop
117.0,43.8342035,-111.75924146666668,New Madison High School,43.822392583273576,-111.76941038670402,High School
84.0,43.8342035,-111.75924146666668,Liberty Tax,43.827149,-111.778072,Financial or Legal Service
84.0,43.8342035,-111.75924146666668,Syringa Wireless,43.826459,-111.77978700000001,Mobile Phone Shop
84.0,43.8342035,-111.75924146666668,Sprint Eastern Idaho Wireless,43.82625020085152,-111.78013565587376,Mobile Phone Shop
84.0,43.8342035,-111.75924146666668,Rexburg auto repair,43.82679229982542,-111.77976113149231,Automotive Shop
84.0,43.8342035,-111.75924146666668,Garner Law Office,43.82619821329922,-111.78022543884002,Lawyer
84.0,43.8342035,-111.75924146666668,Rudd and Company,43.82610122303889,-111.78044966747282,Office
84.0,43.8342035,-111.75924146666668,Rexburg Chamber Of Commerce,43.82598386810226,-111.77978547811193,Building
101.0,43.8342035,-111.75924146666668,Upper Valley Orthopedics,43.825764,-111.77334,Doctor's Office
69.0,43.8342035,-111.75924146666668,Family Dollar,43.829524,-111.778718,Discount Store
99.0,43.8342035,-111.75924146666668,Redbox,43.825522,-111.778784,Video Store
84.0,43.8342035,-111.75924146666668,Ace Hardware,43.8265,-111.78049,Hardware Store
136.0,43.8318053,-111.80579053333332,Ace Hardware,43.81807658333334,-111.804488,Hardware Store
109.0,43.8318053,-111.80579053333332,Railroad Tracks,43.821841,-111.794655,Light Rail Station
124.0,43.8318053,-111.80579053333332,Remember Flags,43.819961,-111.797082,Gift Shop
110.0,43.8318053,-111.80579053333332,Idaho Centennial Carousel,43.82226667644871,-111.79211139678955,Historic Site
124.0,43.8318053,-111.80579053333332,Maxwell,43.820974,-111.794172,General Entertainment
137.0,43.8318053,-111.80579053333332,Prosper Inc.,43.818415079765906,-111.80288486586306,Coworking Space
137.0,43.8318053,-111.80579053333332,AMX international,43.818572998046875,-111.80284118652344,Office
123.0,43.8318053,-111.80579053333332,Cimarron court,43.819561,-111.797739,Housing Development
124.0,43.8318053,-111.80579053333332,Campus Courtyard,43.82012833586737,-111.79627145492525,Residential Building (Apartment / Condo)
110.0,43.8318053,-111.79914066666666,Kennedy Elementary,43.82195408995591,-111.79281311713946,Elementary School
96.0,43.8318053,-111.79914066666666,Crazy Mike's Video,43.82355162889262,-111.78932189941406,Video Store
110.0,43.8318053,-111.79914066666666,Porter Park,43.82262319715135,-111.79104654072408,Park
111.0,43.8318053,-111.79914066666666,Nielsen's Frozen Custard,43.82341056220591,-111.78919611670254,Dessert Shop
96.0,43.8318053,-111.79581573333333,Jimmy John's,43.8237,-111.78923799999998,Sandwich Place
83.0,43.8318053,-111.7924908,Madison-Rexburg fire station,43.826994,-111.783468,Fire Station
97.0,43.8318053,-111.7924908,Melaleuca,43.82531561099402,-111.7857168903051,Coworking Space
97.0,43.8318053,-111.7924908,El Gene's?,43.825695,-111.78494099999999,Electronics Store
83.0,43.8318053,-111.7924908,Alpine Jewelers,43.825831,-111.784043,Jewelry Store
83.0,43.8318053,-111.7924908,Allstate Insurance Agent: Zach Batte,43.826321313161536,-111.78312284895583,Insurance Office
83.0,43.8318053,-111.7924908,Progrexion,43.826215239277914,-111.78343604718962,Office
83.0,43.8318053,-111.7924908,Preventive Pest Control,43.826366,-111.78341999999999,Building
83.0,43.8318053,-111.7924908,rexdeals,43.82604404815118,-111.78378582000732,University
83.0,43.8318053,-111.78916586666666,The homestead,43.826853033333336,-111.78128181666666,Medical Center
83.0,43.8318053,-111.78916586666666,Great Harvest Bread Co,43.82613344321372,-111.78312134713173,Bakery
83.0,43.8318053,-111.78916586666666,Wells Fargo,43.826454999999996,-111.782738,Bank
98.0,43.8318053,-111.78916586666666,Paradise Donuts,43.825557,-111.78405500000001,Donut Shop
83.0,43.8318053,-111.78916586666666,Basic Living,43.82613286162766,-111.7832040288578,Miscellaneous Shop
83.0,43.8318053,-111.78916586666666,U-Haul Neighborhood Dealer,43.826532,-111.782469,Storage Facility
98.0,43.8318053,-111.78916586666666,paramount twin,43.82513880729675,-111.78397357463837,None
98.0,43.8318053,-111.78916586666666,Reflections Hair & Nail Design,43.825739,-111.782752,Cosmetics Shop
83.0,43.8318053,-111.78916586666666,Madison Memorial Hospital Education Department,43.826663266610716,-111.7815113067627,Hospital
83.0,43.8318053,-111.78916586666666,Original Thai,43.825871,-111.783336,Thai Restaurant
83.0,43.8318053,-111.78916586666666,Family Crisis Center,43.82586418034022,-111.78329345540561,Building
97.0,43.8318053,-111.78916586666666,Paramount 5,43.82516664058879,-111.7842524451612,Multiplex
98.0,43.8318053,-111.78916586666666,Fongs Restaurant,43.825739,-111.782752,Asian Restaurant
83.0,43.8318053,-111.78916586666666,Rexburg Police Department,43.826423,-111.782927,Police Station
83.0,43.8318053,-111.78916586666666,The Hair Company,43.826612097059794,-111.78192034617115,Salon / Barbershop
83.0,43.8318053,-111.78916586666666,Woodward Ballroom,43.82647,-111.781625,Event Space
98.0,43.8318053,-111.78916586666666,Treasure Formal Bridal-N-Tux's,43.825767,-111.782976,Bridal Shop
83.0,43.8318053,-111.78916586666666,Gugelman Photography,43.825812,-111.783053,Art Gallery
83.0,43.8318053,-111.78916586666666,Innov8,43.82624750235827,-111.78204972703516,Art Gallery
83.0,43.8318053,-111.78916586666666,Sharp's Custom Framing & Art,43.82618947907748,-111.7820595772596,Art Gallery
98.0,43.8318053,-111.78916586666666,Holiday Theater,43.825496,-111.783944,Movie Theater
83.0,43.8318053,-111.78584093333333,"Kettle Embroidery, LLC",43.826287866186306,-111.78179562091827,Clothing Store
84.0,43.8318053,-111.78584093333333,Rexburg Farmers Market,43.826879991554,-111.78045988082886,Farmers Market
84.0,43.8318053,-111.782516,Sherwin-Williams Paint Store,43.82726699842418,-111.7805027961731,Hardware Store
83.0,43.8318053,-111.782516,U.S. Bank Branch,43.82637024,-111.7812653,Bank
83.0,43.8318053,-111.782516,U.S. Bank ATM,43.826395,-111.78126988233441,ATM
83.0,43.8318053,-111.782516,Park View Apartments,43.82642578238769,-111.78096894735349,Residential Building (Apartment / Condo)
83.0,43.8318053,-111.782516,BYUI Tutoring Center,43.82620620727539,-111.78346252441406,Student Center
100.0,43.8318053,-111.7725412,Smith Park Tennis Courts,43.82514967626535,-111.77549589568778,Gym
100.0,43.8318053,-111.7725412,Seasons Medical Plaza,43.825109000000005,-111.776844,Doctor's Office
100.0,43.8318053,-111.7725412,Magic Suds,43.825210619890726,-111.77558443003021,Building
100.0,43.8318053,-111.76921626666667,Dr. Gates,43.82572698211105,-111.7772560873842,None
116.0,43.8318053,-111.76589133333334,Madison Park Dental Center,43.823007726972605,-111.77268198504731,Dentist's Office
116.0,43.8318053,-111.76589133333334,Madison Foot and Ankle,43.82332406,-111.77269432,Medical Center
101.0,43.8318053,-111.76589133333334,Mountain Ridge,43.82349001633142,-111.77418316143107,Residential Building (Apartment / Condo)
100.0,43.8318053,-111.76256640000001,Madison Memorial Hospital,43.82514170355394,-111.77556711954202,Hospital
99.0,43.8318053,-111.75924146666668,Seasons Medical,43.82557188975955,-111.77784204483032,Doctor's Office
100.0,43.8318053,-111.75924146666668,Dr. Archibald,43.8240852355957,-111.77671813964844,Optical Shop
100.0,43.8318053,-111.75924146666668,Eye Care Center,43.82410828,-111.77677269,Doctor's Office
125.0,43.8294071,-111.80579053333332,Century 21,43.82097160010189,-111.79279140415439,None
138.0,43.8294071,-111.80579053333332,East Idaho Credit Union,43.8174804726294,-111.80048319480159,Credit Union
138.0,43.8294071,-111.80579053333332,conoco car wash,43.81748962402344,-111.80045318603516,Car Wash
138.0,43.8294071,-111.80579053333332,custom auto,43.818199157714844,-111.7989730834961,Automotive Shop
125.0,43.8294071,-111.80579053333332,Splash Park @ Porter Park,43.82100168369778,-111.79282228606745,Park
136.0,43.8294071,-111.80579053333332,Mariah St Park,43.81683241515115,-111.80517911911011,Park
124.0,43.8294071,-111.80579053333332,Village Clubhouse,43.8193648059631,-111.79636257228944,General Entertainment
124.0,43.8294071,-111.80579053333332,Steiner Ave,43.82024383544922,-111.794189453125,Residential Building (Apartment / Condo)
111.0,43.8294071,-111.79914066666666,Righteous Slice,43.821907,-111.789696,Pizza Place
111.0,43.8294071,-111.79581573333333,Hemming Village,43.822468,-111.787645,Shopping Mall
111.0,43.8294071,-111.79581573333333,Deseret Book,43.822125,-111.789128,Bookstore
111.0,43.8294071,-111.79581573333333,Gator Jack's Sandwich Shack,43.82202860700871,-111.78870067270208,Sandwich Place
111.0,43.8294071,-111.79581573333333,Lulu & Oliver,43.822141,-111.7883,Clothing Store
97.0,43.8294071,-111.7924908,Northpoint Apartments,43.823777,-111.786456,Residential Building (Apartment / Condo)
97.0,43.8294071,-111.7924908,La Jolla,43.824413,-111.78634,Residential Building (Apartment / Condo)
97.0,43.8294071,-111.7924908,Opinionology,43.824462890625,-111.78512156009674,Office
98.0,43.8294071,-111.78916586666666,BYU-Idaho Alumni Center,43.8249782624114,-111.78376642883217,None
98.0,43.8294071,-111.78584093333333,The Cocoa Bean,43.82550002156279,-111.7823977325368,Cupcake Shop
98.0,43.8294071,-111.78584093333333,Grifols Biomat Plasma Donation Center,43.82568,-111.78216,Doctor's Office
98.0,43.8294071,-111.78584093333333,Mike's Music,43.82574,-111.781893,Record Shop
98.0,43.8294071,-111.78584093333333,New York Burrito,43.825688,-111.78118799999999,Burrito Place
98.0,43.8294071,-111.78584093333333,EcoShield Pest Control,43.82523,-111.78265,Conference Room
83.0,43.8294071,-111.78584093333333,Panache,43.82600014713381,-111.78224014926394,Boutique
98.0,43.8294071,-111.78584093333333,Charles Block,43.825793,-111.782488,Public Art
98.0,43.8294071,-111.78584093333333,The Circle Of Love,43.825703999999995,-111.781726,Bridal Shop
98.0,43.8294071,-111.78584093333333,Form,43.82574,-111.781893,Salon / Barbershop
83.0,43.8294071,-111.78584093333333,Dragon's Layer,43.8258227224318,-111.7821051455067,Gaming Cafe
98.0,43.8294071,-111.78584093333333,BRC’s and We're Twisted Pretzels,43.82516165074787,-111.78299188613892,Food
98.0,43.8294071,-111.78584093333333,Thomas D. Snarr DDS PA,43.824907,-111.784149,Dentist's Office
83.0,43.8294071,-111.782516,Rexburg City Hall,43.82691852607359,-111.78146345522252,City Hall
98.0,43.8294071,-111.782516,Florence's Exquisite Candies,43.825309723742585,-111.78276692551663,Candy Store
98.0,43.8294071,-111.782516,A.C. Moore,43.82511412239146,-111.7823758328481,Arts & Crafts Store
98.0,43.8294071,-111.782516,Community Care Urgent Care,43.825796,-111.781257,Urgent Care Center
98.0,43.8294071,-111.782516,Community Care,43.82579309330393,-111.7813813525109,Doctor's Office
84.0,43.8294071,-111.782516,Madison County Courthouse,43.826389,-111.77956499999999,Courthouse
99.0,43.8294071,-111.77919106666667,odell's,43.82567387444832,-111.77938311617261,Furniture / Home Store
99.0,43.8294071,-111.77919106666667,Walgreens,43.8256575,-111.7789507,Pharmacy
84.0,43.8294071,-111.77919106666667,Mark Hancock - State Farm Insurance Agent,43.827317,-111.77779,Office
84.0,43.8294071,-111.77919106666667,Madison County Sheriff,43.82600718363175,-111.77977991036882,Police Station
98.0,43.8294071,-111.77919106666667,Millhollow Frozen Yogurt,43.82464188881471,-111.78139601241685,Dessert Shop
84.0,43.8294071,-111.77919106666667,Papa Murphy's,43.827681,-111.777726,Pizza Place
99.0,43.8294071,-111.77919106666667,"Nathan C. McKellar, DO",43.825082,-111.777686,Doctor's Office
99.0,43.8294071,-111.77919106666667,KeyBank,43.82567,-111.780499,Bank
83.0,43.8294071,-111.77919106666667,Sticks And Stones,43.82624598562616,-111.78234914557439,Bike Shop
84.0,43.8294071,-111.77919106666667,Sprint,43.82623729720516,-111.7801680069704,Mobile Phone Shop
84.0,43.8294071,-111.77919106666667,Freddy's Frozen Custard & Steakburgers,43.82700964,-111.77775083,Fast Food Restaurant
99.0,43.8294071,-111.7725412,Madison County Administration,43.82571895588857,-111.77977323532104,Government Building
101.0,43.8294071,-111.76921626666667,madison womens clinic,43.823488118210285,-111.77273749424623,Medical Center
99.0,43.8294071,-111.76589133333334,The Escape House,43.825103,-111.77833,Other Nightlife
146.0,43.8294071,-111.75924146666668,The Church of Jesus Christ of Latter-day Saints,43.817674,-111.77162,Church
138.0,43.827008899999996,-111.80579053333332,Les Schwab Tire Center,43.81733583925764,-111.79765902481577,Automotive Shop
66.0,43.827008899999996,-111.80579053333332,Enterprise Rent-A-Car,43.8284287,-111.7900059,Rental Car Location
139.0,43.827008899999996,-111.80579053333332,Magic Suds,43.8179858823311,-111.79569482803345,Laundry Service
137.0,43.827008899999996,-111.80579053333332,The Church of Jesus Christ of Latter-day Saints,43.81774046100868,-111.80383186908719,Church
139.0,43.827008899999996,-111.80579053333332,Legacy flight museum,43.81770143402724,-111.79609528072046,History Museum
138.0,43.827008899999996,-111.80579053333332,Seasons Medical Women's Center,43.8171511888504,-111.79927825927734,Doctor's Office
137.0,43.827008899999996,-111.80579053333332,NeatFreaks Mobile Detailing,43.816848,-111.801191,Office
151.0,43.827008899999996,-111.80579053333332,Heartland Apartments,43.81564368060975,-111.80588218525375,Residential Building (Apartment / Condo)
139.0,43.827008899999996,-111.80579053333332,Frontier Pies,43.818034999999995,-111.79732299999999,American Restaurant
152.0,43.827008899999996,-111.80579053333332,Cougar Court Clubhouse,43.815988589477655,-111.80394530296326,Gym
107.0,43.827008899999996,-111.80579053333332,The Church of Jesus Christ of Latter-day Saints,43.822038,-111.803983,Church
111.0,43.827008899999996,-111.79914066666666,Namasté Wellness Spa,43.822117,-111.788402,Salon / Barbershop
125.0,43.827008899999996,-111.79914066666666,chikn it out,43.819431733593724,-111.79282965176519,Fried Chicken Joint
111.0,43.827008899999996,-111.79914066666666,Arbor Cove,43.821292,-111.789942,Building
111.0,43.827008899999996,-111.79581573333333,Alterra Pest Control,43.8218558672816,-111.788607928902,None
111.0,43.827008899999996,-111.79581573333333,Idaho Repair,43.822025,-111.78763,IT Services
111.0,43.827008899999996,-111.79581573333333,SSI,43.82213,-111.788124,Business Center
111.0,43.827008899999996,-111.79581573333333,Grifols Biomat Plasma Donation Center 2,43.821662,-111.788633,Doctor's Office
112.0,43.827008899999996,-111.79581573333333,The Willows,43.82258501938989,-111.78684868706564,Residential Building (Apartment / Condo)
111.0,43.827008899999996,-111.79581573333333,Hemming Villiage 3,43.82186663118817,-111.7882595937902,Residential Building (Apartment / Condo)
98.0,43.827008899999996,-111.7924908,Bingham And Sons,43.82566672309863,-111.78391022028642,Building
98.0,43.827008899999996,-111.7924908,Gringo's Mexican Restaurant,43.825086,-111.783478,Mexican Restaurant
97.0,43.827008899999996,-111.78916586666666,Alphagraphics,43.82415409383489,-111.7845310276489,Design Studio
97.0,43.827008899999996,-111.78916586666666,Upper Valley Family Practice,43.82429562444383,-111.78525358684364,Doctor's Office
98.0,43.827008899999996,-111.78916586666666,USPS office,43.823627,-111.78416200000001,None
97.0,43.827008899999996,-111.78916586666666,B'dazzled Hair & Nails,43.82438017492069,-111.78437510713931,Nail Salon
97.0,43.827008899999996,-111.78916586666666,Quick Ship n Copy,43.824301,-111.7845785,Paper / Office Supplies Store
97.0,43.827008899999996,-111.78916586666666,Everyday Floral,43.824403,-111.784298,Flower Shop
97.0,43.827008899999996,-111.78916586666666,Teton Medical Group,43.824426,-111.78502399999999,Doctor's Office
97.0,43.827008899999996,-111.78916586666666,Twizl Berry,43.824419,-111.784196,Dessert Shop
98.0,43.827008899999996,-111.78584093333333,Allen Ridge,43.824609,-111.78345800000001,None
98.0,43.827008899999996,-111.78584093333333,Beehive Federal Credit Union,43.824337,-111.783406,Credit Union
84.0,43.827008899999996,-111.782516,Rexburg Standard Journal,43.82584543384675,-111.78052551491488,Building
98.0,43.827008899999996,-111.782516,Soup For You,43.82445,-111.782135,Restaurant
98.0,43.827008899999996,-111.782516,The Craze Fun Zone,43.82523,-111.78265,Arcade
97.0,43.827008899999996,-111.782516,D&L Cleaners & Shirt Laundry,43.824409,-111.78458899999998,Dry Cleaner
98.0,43.827008899999996,-111.782516,The Romance Theater,43.825705,-111.78353,Music Venue
98.0,43.827008899999996,-111.782516,Skizzy's,43.825005,-111.78253,Rock Club
98.0,43.827008899999996,-111.782516,Gubbinz N Games,43.825588,-111.782583,Hobby Shop
152.0,43.827008899999996,-111.782516,Paul Mitchell The School Rexburg,43.8143594966555,-111.80386084589769,School
99.0,43.827008899999996,-111.782516,Pinnacle Point,43.82476358617803,-111.78066313989123,Residential Building (Apartment / Condo)
98.0,43.827008899999996,-111.782516,mandrin chinese,43.824309152518715,-111.78097202671927,Chinese Restaurant
98.0,43.827008899999996,-111.782516,El Andante,43.82495880126953,-111.78289031982422,Market
98.0,43.827008899999996,-111.77919106666667,Rexburg Vision Center,43.824165,-111.78213500000001,Doctor's Office
98.0,43.827008899999996,-111.77919106666667,Ashby Chiropractic,43.824128,-111.782135,Chiropractor
114.0,43.827008899999996,-111.77919106666667,Ryan Ward,43.823386,-111.779038,Moving Target
98.0,43.827008899999996,-111.77919106666667,Mountain River Foot & Ankle Care,43.82367170801115,-111.78126442331825,Medical Center
98.0,43.827008899999996,-111.77919106666667,eagle vision center rexburg,43.823901889746736,-111.78104057908058,Medical Center
99.0,43.827008899999996,-111.77586613333334,Pinnacle Security,43.824623401965695,-111.78055101623873,Office
114.0,43.827008899999996,-111.7725412,Greenbrier,43.82252,-111.77937,None
99.0,43.827008899999996,-111.7725412,The Blue Door,43.823424,-111.779169,Residential Building (Apartment / Condo)
114.0,43.827008899999996,-111.7725412,Greenbrier Apts,43.82254667416968,-111.7794267953209,Residential Building (Apartment / Condo)
114.0,43.827008899999996,-111.7725412,American Belle,43.822690867123384,-111.77986494656886,Residential Building (Apartment / Condo)
114.0,43.827008899999996,-111.7725412,Academy 4,43.82329171333917,-111.77926460391045,Residential Building (Apartment / Condo)
113.0,43.827008899999996,-111.76921626666667,American Avenue Apartments,43.8225996,-111.7809484,Residential Building (Apartment / Condo)
114.0,43.827008899999996,-111.76921626666667,American Belle G house,43.822139,-111.779674,Residential Building (Apartment / Condo)
114.0,43.827008899999996,-111.76921626666667,Danbury,43.821716,-111.779082,Residential Building (Apartment / Condo)
98.0,43.827008899999996,-111.76921626666667,rexburg opinion center,43.82438659667969,-111.78140258789062,Building
179.0,43.827008899999996,-111.75924146666668,The Church of Jesus Christ of Latter-day Saints,43.812697877219186,-111.76200079061488,Church
145.0,43.827008899999996,-111.75924146666668,Rebecca Lyman Cello Studio,43.81785202026367,-111.77479553222656,Music School
152.0,43.8246107,-111.80579053333332,Madison Middle School,43.81532604390699,-111.80201054490608,Middle School
152.0,43.8246107,-111.80579053333332,sutherland cabinets,43.814352,-111.802448,Conference Room
152.0,43.8246107,-111.80579053333332,BYU IDAHO HINCKLEY BUILDING,43.81607089304673,-111.80307028199472,General College & University
136.0,43.8246107,-111.80579053333332,Star Light Star Bright,43.81639179468206,-111.8048784848554,Strip Club
138.0,43.8246107,-111.80579053333332,Fall Creek Skin,43.81705111675387,-111.79918617338157,Doctor's Office
153.0,43.8246107,-111.80246559999999,The Dorms,43.81549465883583,-111.79900481729635,None
139.0,43.8246107,-111.80246559999999,Graffiti beauty Salon,43.817417,-111.795259,Cosmetics Shop
139.0,43.8246107,-111.80246559999999,Four Paws Pet Adoptions,43.817755781291226,-111.79500164362267,Non-Profit
125.0,43.8246107,-111.80246559999999,Condie Cottage,43.81963,-111.791881,Residential Building (Apartment / Condo)
153.0,43.8246107,-111.80246559999999,Sinclair,43.815713050248775,-111.79902747697479,Gas Station
126.0,43.8246107,-111.79914066666666,Taco Time,43.820087,-111.790025,Taco Place
126.0,43.8246107,-111.79914066666666,Wisteria,43.82002639770508,-111.7900161743164,Boutique
138.0,43.8246107,-111.79914066666666,Eagle Rock Dental Care,43.81729861019097,-111.79982870185245,Dentist's Office
126.0,43.8246107,-111.79581573333333,Tami's Salon,43.820640999999995,-111.78983600000001,Salon / Barbershop
126.0,43.8246107,-111.79581573333333,Days Inn,43.820122,-111.78878999999999,None
126.0,43.8246107,-111.79581573333333,CR Signage,43.82009063029537,-111.78951832604137,Miscellaneous Shop
124.0,43.8246107,-111.79581573333333,CentralPark Apartments,43.818755372794314,-111.79587170727909,Residential Building (Apartment / Condo)
111.0,43.8246107,-111.79581573333333,Kiwi Loco,43.822068703859266,-111.78805569415434,Ice Cream Shop
112.0,43.8246107,-111.7924908,Papa John's Pizza,43.822357000000004,-111.78612700000001,Pizza Place
111.0,43.8246107,-111.7924908,The Atrium,43.822096865398294,-111.78815613195155,General Entertainment
112.0,43.8246107,-111.7924908,Port of Subs,43.822082,-111.786207,Sandwich Place
112.0,43.8246107,-111.7924908,Cafe Rio,43.82205211231169,-111.78617165606315,Mexican Restaurant
126.0,43.8246107,-111.7924908,Campus View,43.82041674100755,-111.78812792986794,Residential Building (Apartment / Condo)
112.0,43.8246107,-111.7924908,Sunrise Village Apts,43.82261422890234,-111.7854353370191,Residential Building (Apartment / Condo)
126.0,43.8246107,-111.7924908,Stadium Studio,43.820323,-111.790121,College Classroom
127.0,43.8246107,-111.78916586666666,Tanning bed@ The Retreat,43.820919036865234,-111.78705596923828,Salon / Barbershop
111.0,43.8246107,-111.78916586666666,Ferrell's Clothing Company,43.822117,-111.788402,Men's Store
111.0,43.8246107,-111.78916586666666,Frisky's Cafe,43.822123,-111.788778,Salad Place
112.0,43.8246107,-111.78916586666666,wellness center,43.82181526111949,-111.78666000884611,Medical Center
98.0,43.8246107,-111.78916586666666,Ferguson Music Company,43.823627,-111.78416200000001,Music Store
112.0,43.8246107,-111.78916586666666,BYU-I Outdoor Resource Center,43.82122166461152,-111.7862319946289,Sporting Goods Shop
127.0,43.8246107,-111.78916586666666,The Retreat,43.8209932665531,-111.7869831256393,Tanning Salon
97.0,43.8246107,-111.78584093333333,Little Caesars Pizza,43.82428802823246,-111.78475673093656,Pizza Place
112.0,43.8246107,-111.78584093333333,US Post Office,43.82301207515019,-111.78423518120573,Post Office
98.0,43.8246107,-111.78584093333333,The Cut Above,43.82483061232733,-111.78287247227291,Salon / Barbershop
113.0,43.8246107,-111.78584093333333,Rexburg Tabernacle,43.822762355138465,-111.78321924962913,Historic Site
113.0,43.8246107,-111.78584093333333,lukes,43.823078870773315,-111.78253054618835,Residential Building (Apartment / Condo)
112.0,43.8246107,-111.78584093333333,BYUI Stadium Booth,43.82236714917667,-111.78463834453683,Stadium
113.0,43.8246107,-111.78584093333333,Student Tech Media Lab,43.82218920888229,-111.7835077503738,College Lab
113.0,43.8246107,-111.77919106666667,The Church of Jesus Christ of Latter-day Saints,43.822299,-111.781401,Church
114.0,43.8246107,-111.77919106666667,Aalita,43.82206883216981,-111.78066963770844,None
114.0,43.8246107,-111.77919106666667,Windsor Manor,43.82224099250464,-111.77971408049378,College Residence Hall
129.0,43.8246107,-111.77586613333334,Cafe Snow,43.820799624862104,-111.77918379432955,Café
128.0,43.8246107,-111.77586613333334,Dr. bryan Lee DDS,43.82089555263519,-111.78092658519745,Dentist's Office
114.0,43.8246107,-111.77586613333334,Crestwood,43.82105092074146,-111.7802277105079,Residential Building (Apartment / Condo)
132.0,43.8246107,-111.7725412,UWrench,43.81909335158651,-111.76811427009652,Automotive Shop
129.0,43.8246107,-111.7725412,Barnes Hall Lounge,43.819598,-111.77861,Sorority House
129.0,43.8246107,-111.7725412,Kensington Manor,43.818955551247974,-111.77769741980616,College Residence Hall
114.0,43.8246107,-111.7725412,The Basement,43.822,-111.780729,Residential Building (Apartment / Condo)
129.0,43.8246107,-111.76921626666667,Ricks Hall,43.818663069376576,-111.77893461372558,None
129.0,43.8246107,-111.76921626666667,Riviera Apartments,43.820549,-111.78033400000001,Residential Building (Apartment / Condo)
129.0,43.8246107,-111.76921626666667,Pioneer Halls,43.818813626628625,-111.77920045787356,College Residence Hall
129.0,43.8246107,-111.76921626666667,Kerr Hall,43.8192884723242,-111.77940321476343,Residential Building (Apartment / Condo)
129.0,43.8246107,-111.76921626666667,Barnes Hall,43.81921192542334,-111.77898200354664,Housing Development
129.0,43.8246107,-111.76921626666667,Perkins hall,43.819234820513465,-111.78034369465568,College Residence Hall
129.0,43.8246107,-111.76921626666667,kerr hall,43.819440433254826,-111.77915850276317,College Residence Hall
145.0,43.8246107,-111.76921626666667,University Court Yard,43.816958,-111.77694,Residential Building (Apartment / Condo)
144.0,43.8246107,-111.76921626666667,Lamprecht Hall,43.818548043936474,-111.77945108726716,College Residence Hall
175.0,43.8246107,-111.76256640000001,Aspen Village Lounge,43.81294166750497,-111.77628711873992,Event Space
161.0,43.8246107,-111.76256640000001,The Hays',43.81471,-111.77336,None
193.0,43.8246107,-111.75924146666668,Slide Hill,43.81096409616854,-111.76443099975586,None
176.0,43.8246107,-111.75924146666668,The Bottskys,43.81291,-111.772805,Sports Bar
168.0,43.8222125,-111.80579053333332,Stone's Chrysler Dodge Jeep Ram,43.81333842,-111.80028053,Auto Dealership
153.0,43.8222125,-111.80579053333332,Woody Smith Ford,43.814991883333334,-111.79950891666667,Auto Dealership
166.0,43.8222125,-111.80579053333332,Stonebrook Apartments,43.8132534,-111.8065332,Residential Building (Apartment / Condo)
167.0,43.8222125,-111.80579053333332,Radiance Tanning & Salon,43.81233639618301,-111.80328272340992,None
153.0,43.8222125,-111.80579053333332,Woodysmith Automotive Group,43.81491894726213,-111.79942240284075,Auto Dealership
168.0,43.8222125,-111.80579053333332,Stone's Toyota,43.813648,-111.800273,Auto Dealership
167.0,43.8222125,-111.80579053333332,Rexburg College Massage Therapy School,43.812703,-111.803546,Student Center
153.0,43.8222125,-111.80579053333332,Pawn Shop,43.81588363647461,-111.79906463623047,Thrift / Vintage Store
168.0,43.8222125,-111.80579053333332,Stones,43.81348648823143,-111.8004318154972,Automotive Shop
166.0,43.8222125,-111.80579053333332,G's Dairy,43.81308031393215,-111.80419705707736,Ice Cream Shop
139.0,43.8222125,-111.80579053333332,Draper Oaks Apartments,43.816309999999994,-111.794482,Residential Building (Apartment / Condo)
140.0,43.8222125,-111.80246559999999,Storage Bay,43.81773376464844,-111.79308319091797,Storage Facility
140.0,43.8222125,-111.80246559999999,Central Storage Office,43.817983,-111.793835,Storage Facility
154.0,43.8222125,-111.80246559999999,Lincoln Park,43.814075,-111.797259,Residential Building (Apartment / Condo)
140.0,43.8222125,-111.80246559999999,RH Maintainace,43.817147,-111.791377,Building
140.0,43.8222125,-111.80246559999999,The Roost,43.81624142666386,-111.7929197930984,Residential Building (Apartment / Condo)
154.0,43.8222125,-111.79914066666666,West Tisbury,43.81522608314056,-111.79683917032956,None
140.0,43.8222125,-111.79914066666666,The Church of Jesus Christ of Latter-day Saints,43.818265000000004,-111.791901,Church
140.0,43.8222125,-111.79914066666666,Taco Bus,43.817691498997206,-111.7909776213222,Mexican Restaurant
140.0,43.8222125,-111.79914066666666,Rexburg 3rd Ward,43.81730719954785,-111.79118686693785,Church
140.0,43.8222125,-111.79914066666666,Rockwell Homes,43.81693694520586,-111.79125022736986,Building
126.0,43.8222125,-111.79914066666666,Avonlea Apartments,43.81947,-111.78923,Residential Building (Apartment / Condo)
139.0,43.8222125,-111.79914066666666,Taqueria El Rancho,43.817349,-111.794678,Mexican Restaurant
111.0,43.8222125,-111.79581573333333,Five Guys,43.8217022,-111.7891353,Burger Joint
126.0,43.8222125,-111.79581573333333,Rexburg Housing,43.820489030827936,-111.79003483059557,Building
127.0,43.8222125,-111.7924908,Enterprise CarShare,43.820285,-111.78629,Rental Car Location
141.0,43.8222125,-111.7924908,Verizon Authorized Retailer – GoWireless,43.818099699480065,-111.78891856015355,Mobile Phone Shop
141.0,43.8222125,-111.7924908,AlphaGraphics,43.818104,-111.78878999999999,Arts & Crafts Store
127.0,43.8222125,-111.7924908,BYU-Idaho Viking Stadium,43.82091976889761,-111.78601741790771,College Stadium
141.0,43.8222125,-111.7924908,SSI,43.818290209316274,-111.7893046716456,None
141.0,43.8222125,-111.7924908,Verizon,43.8181975,-111.78906938333333,Mobile Phone Shop
127.0,43.8222125,-111.7924908,Outdoor Resource Center (ORC),43.820699873575656,-111.78624487289049,Bike Shop
127.0,43.8222125,-111.7924908,BYU I 48th ward,43.820871,-111.786064,Church
126.0,43.8222125,-111.7924908,BYUI  Bookstore,43.818627774726586,-111.7886502517341,College Bookstore
141.0,43.8222125,-111.7924908,New Fongs,43.818426,-111.790074,Chinese Restaurant
126.0,43.8222125,-111.7924908,I'm On A Bus,43.818957759063785,-111.78766604839272,Bus Line
141.0,43.8222125,-111.7924908,Alpha Graphics,43.81810947,-111.788853,Paper / Office Supplies Store
141.0,43.8222125,-111.7924908,Brooklyn Apartments,43.81861515,-111.78872251,College Residence Hall
126.0,43.8222125,-111.7924908,Sunset Hall,43.81987241962806,-111.78815581778223,Residential Building (Apartment / Condo)
127.0,43.8222125,-111.7924908,Royal Crest Apartments,43.81890775,-111.78695218,College Residence Hall
141.0,43.8222125,-111.7924908,The Willows,43.8184183840227,-111.78857626982703,Residential Building (Apartment / Condo)
127.0,43.8222125,-111.78916586666666,royal crest mail boxes,43.81918716430664,-111.78715515136719,Post Office
128.0,43.8222125,-111.78916586666666,The Waffle Iron,43.8203776,-111.78318592,Southern / Soul Food Restaurant
127.0,43.8222125,-111.78916586666666,RC laundry room,43.81919860839844,-111.78713989257812,Laundry Service
141.0,43.8222125,-111.78916586666666,Bunkhouse Apartments-BYU-I,43.81799968,-111.7883949,Residential Building (Apartment / Condo)
127.0,43.8222125,-111.78916586666666,smith 383,43.819161148172306,-111.78724282231059,College Classroom
112.0,43.8222125,-111.78916586666666,Church,43.82157633498216,-111.78448377027574,Church
112.0,43.8222125,-111.78916586666666,Upper Play Fields,43.82130173833212,-111.78535018650612,Soccer Field
112.0,43.8222125,-111.78916586666666,presentation practice center,43.82154278000513,-111.78451225875378,Office
127.0,43.8222125,-111.78916586666666,Hart 170,43.819801,-111.785614,College Classroom
141.0,43.8222125,-111.78916586666666,Davenport Apts,43.818202580033095,-111.7880855081687,Residential Building (Apartment / Condo)
128.0,43.8222125,-111.78916586666666,Romney Photo lab,43.820283,-111.783695,College Lab
112.0,43.8222125,-111.78584093333333,NorthPoint Apartments,43.82313073301449,-111.78658832227646,Residential Building (Apartment / Condo)
113.0,43.8222125,-111.78584093333333,Eliza R. Snow Performing Arts Center,43.821028109285166,-111.78365325508777,College Arts Building
128.0,43.8222125,-111.78584093333333,Locks and Keys,43.820831298828125,-111.78327178955078,Trade School
113.0,43.8222125,-111.78584093333333,BYU-I Communications Dept.,43.8210154543878,-111.78271391281159,College Administrative Building
127.0,43.8222125,-111.78584093333333,skybridge Between Hart And I-center,43.819161044745776,-111.7852107524498,University
112.0,43.8222125,-111.78584093333333,Café Snow​,43.821636,-111.78525,Bistro
127.0,43.8222125,-111.78584093333333,Costume Shop,43.8208219131458,-111.78419148317799,College Theater
113.0,43.8222125,-111.78584093333333,Black Box Theater,43.82139135943588,-111.78389176485254,College Theater
127.0,43.8222125,-111.78584093333333,John W. Hart Physical Education Bldg.,43.8196196980949,-111.785749027223,College Gym
127.0,43.8222125,-111.78584093333333,BYU -I 45th ward,43.819019,-111.78508,Church
112.0,43.8222125,-111.78584093333333,Views Of Snow 10,43.822258,-111.78466,Residential Building (Apartment / Condo)
113.0,43.8222125,-111.78584093333333,Snow Drama Theater,43.821247,-111.783989,Theater
113.0,43.8222125,-111.78584093333333,Smith Conference Room 272,43.821868896484375,-111.78372955322266,College Classroom
127.0,43.8222125,-111.78584093333333,Girl's Locker Room,43.819536,-111.784741,Athletics & Sports
127.0,43.8222125,-111.78584093333333,Bus Stop,43.81930160522461,-111.78667449951172,Bus Station
127.0,43.8222125,-111.78584093333333,Hart Auxiliary Gym,43.81968231056897,-111.78592491861255,Yoga Studio
128.0,43.8222125,-111.78584093333333,BYU-Idaho Planetarium,43.82013870341552,-111.78287386894226,Planetarium
128.0,43.8222125,-111.78584093333333,251 Spori,43.82062610261003,-111.78208549909876,College Communications Building
128.0,43.8222125,-111.78584093333333,Faculty Technology Center @ BYU-Idado,43.819471,-111.783385,College Technology Building
128.0,43.8222125,-111.78584093333333,TD/Audio Room For Scroll Digital,43.82072,-111.782367,Tech Startup
127.0,43.8222125,-111.78584093333333,Hart Auditorium,43.81966646323533,-111.7856843739388,Rock Club
128.0,43.8222125,-111.78584093333333,George S. Romney Bldg.,43.82012970260559,-111.78299614848251,College Science Building
128.0,43.8222125,-111.78584093333333,The Scroll Office,43.82073381777503,-111.7823942216117,Office
128.0,43.8222125,-111.78584093333333,Icomm Office,43.82078864272719,-111.78253807121024,Office
128.0,43.8222125,-111.78584093333333,Scroll Digital Studio,43.820813,-111.782323,College Communications Building
128.0,43.8222125,-111.78584093333333,Departmet Of Art Office,43.820851,-111.78257,College Arts Building
127.0,43.8222125,-111.78584093333333,AV Productions,43.81901546844206,-111.7854380607605,Office
128.0,43.8222125,-111.78584093333333,Spori Quad,43.82076413315416,-111.7823005161816,College Quad
128.0,43.8222125,-111.78584093333333,Scroll Digital Newsroom,43.820763899085065,-111.78218969745696,Building
128.0,43.8222125,-111.78584093333333,Spori Lab 107,43.82070064179953,-111.78251111404474,College Classroom
128.0,43.8222125,-111.78584093333333,Print Lab,43.820984,-111.782238,College Classroom
128.0,43.8222125,-111.78584093333333,Spori Conference Room,43.820729,-111.782425,College Classroom
128.0,43.8222125,-111.78584093333333,BYUI Family History Center,43.82049901774549,-111.78219705870993,General College & University
128.0,43.8222125,-111.78584093333333,Production Office,43.820796,-111.782534,College Library
113.0,43.8222125,-111.782516,Oscar A. Kirkham Bldg,43.82120977684487,-111.78160821046296,Jazz Club
128.0,43.8222125,-111.782516,Jacob Spori Art Gallery,43.82076494999063,-111.78245544433594,Art Gallery
128.0,43.8222125,-111.782516,Spori Building,43.82078342027137,-111.78238360092116,College Communications Building
128.0,43.8222125,-111.782516,My Office,43.82078939454439,-111.78231902878919,College Communications Building
128.0,43.8222125,-111.782516,John L. Clarke Building,43.820165560946265,-111.78171903956897,College Academic Building
128.0,43.8222125,-111.782516,David O. McKay Library,43.81923852360538,-111.78311666742943,College Library
128.0,43.8222125,-111.782516,33rd ward,43.819313,-111.783518,Church
128.0,43.8222125,-111.782516,The Math Learning Dungeon At BYUI,43.819477949252104,-111.78236253029658,College Classroom
128.0,43.8222125,-111.782516,Fishtank,43.81936,-111.783175,College Library
128.0,43.8222125,-111.782516,smith 129,43.819349367133974,-111.78260014360202,College Classroom
128.0,43.8222125,-111.782516,Johnny's Diner,43.82038497924805,-111.78186798095703,Burger Joint
128.0,43.8222125,-111.782516,Spori Lab 14,43.820752,-111.782636,College Classroom
128.0,43.8222125,-111.782516,Spori 265,43.82087,-111.782132,College Classroom
128.0,43.8222125,-111.782516,PRSSA,43.82072299287953,-111.78231989697663,College Classroom
128.0,43.8222125,-111.782516,Shark Bites,43.819518858459865,-111.78191846731842,Donut Shop
128.0,43.8222125,-111.782516,cocoa cabin,43.819881439208984,-111.78229522705078,Café
128.0,43.8222125,-111.782516,Clark 229,43.82008319930363,-111.78191302179312,College Classroom
128.0,43.8222125,-111.782516,Central Quad,43.81920125652611,-111.78242325782776,Music Venue
128.0,43.8222125,-111.782516,Café McKay,43.81907739786766,-111.78299188613892,College Cafeteria
143.0,43.8222125,-111.77919106666667,Brigham Young University-Idaho,43.81821172730367,-111.78256483714412,University
128.0,43.8222125,-111.77919106666667,Spori Lab 014,43.82078209175381,-111.78250664645618,College Classroom
128.0,43.8222125,-111.77919106666667,ADC Business and Communication,43.81944,-111.781534,College Academic Building
128.0,43.8222125,-111.77919106666667,BYU-Idaho Reading Center,43.819507497186336,-111.78233083885948,College Lab
128.0,43.8222125,-111.77586613333334,Smith 4th Floor,43.819242,-111.781542,College Communications Building
128.0,43.8222125,-111.77586613333334,IBC Classroom,43.819244,-111.781377,College Classroom
128.0,43.8222125,-111.77586613333334,Joseph Fielding Smith Building,43.819250651359916,-111.78172691419233,College Academic Building
128.0,43.8222125,-111.77586613333334,Smith Computer Classroom 263,43.819115,-111.781813,College Classroom
128.0,43.8222125,-111.77586613333334,Smith Building,43.81909798257897,-111.78137107854872,College Academic Building
128.0,43.8222125,-111.77586613333334,The Campus Dorm's Parking Lot,43.818866,-111.780937,Residential Building (Apartment / Condo)
144.0,43.8222125,-111.7725412,Tennis Courts,43.81701677539583,-111.77839179782033,Tennis Court
144.0,43.8222125,-111.7725412,BYU-Idaho Radio,43.81734366484951,-111.77961056888456,College Communications Building
144.0,43.8222125,-111.7725412,University Communications Building,43.817517800908874,-111.77974605610007,College Communications Building
144.0,43.8222125,-111.7725412,Radio & Grapgic Services Building,43.81726593563094,-111.77939772605896,College Administrative Building
144.0,43.8222125,-111.76921626666667,Enterprise CarShare,43.816274,-111.77892,Rental Car Location
144.0,43.8222125,-111.76921626666667,Student Counseling Center,43.81679396684409,-111.7794891010365,Medical Center
144.0,43.8222125,-111.76921626666667,Student Health Center,43.8167907557834,-111.77943498625729,Doctor's Office
144.0,43.8222125,-111.76921626666667,chapman hall,43.818421641079034,-111.78028394281789,College Residence Hall
129.0,43.8222125,-111.76921626666667,Kensington Manor,43.818803618279375,-111.77770339658095,Residential Building (Apartment / Condo)
128.0,43.8222125,-111.76921626666667,BYU Idaho Testing Center,43.81868500855152,-111.78096062806561,College Administrative Building
176.0,43.8222125,-111.76256640000001,The Bar - Leftovers - Made Fresh the Day Before,43.811913,-111.773652,Café
175.0,43.8222125,-111.76256640000001,Jordan Ridge Kings Palace,43.81311847470389,-111.77576661136908,Residential Building (Apartment / Condo)
210.0,43.8222125,-111.75924146666668,BYUI Outdoor Activities,43.80836,-111.75848,College Administrative Building
175.0,43.8222125,-111.75924146666668,Jordan Ridge,43.812256,-111.775839,Residential Building (Apartment / Condo)
169.0,43.8198143,-111.80579053333332,The Church of Jesus Christ of Latter-day Saints,43.81341462694043,-111.7949810804633,Church
155.0,43.8198143,-111.80579053333332,The Tool Pound,43.814999,-111.793474,Dog Run
169.0,43.8198143,-111.80579053333332,Southgate Lounge,43.813410060260686,-111.79507835394186,Event Space
154.0,43.8198143,-111.80579053333332,courthouse design,43.813996,-111.794397,Design Studio
166.0,43.8198143,-111.80579053333332,World Gym Fitness Center,43.81191320928424,-111.80504002391469,Gym / Fitness Center
141.0,43.8198143,-111.80246559999999,Tuscany,43.81658,-111.79074399999999,Residential Building (Apartment / Condo)
154.0,43.8198143,-111.80246559999999,Lexington Apartments,43.815068,-111.794926,Residential Building (Apartment / Condo)
167.0,43.8198143,-111.80246559999999,Karie Anne's Delectable Desserts,43.81217788676238,-111.80325207967296,Dessert Shop
141.0,43.8198143,-111.79914066666666,Subway,43.81794867599068,-111.78889378429862,Sandwich Place
155.0,43.8198143,-111.79914066666666,Madison county Transfer station,43.815706,-111.791565,Other Great Outdoors
141.0,43.8198143,-111.79914066666666,Alpine Chalet Gym,43.816275,-111.7907,Gym
141.0,43.8198143,-111.79581573333333,Colonial House,43.816997499991494,-111.78819008825235,College Residence Hall
141.0,43.8198143,-111.79581573333333,Da Pineapple Grill,43.818148,-111.788934,Sushi Restaurant
141.0,43.8198143,-111.79581573333333,Casa De Ochoa,43.818104,-111.78878999999999,Burrito Place
141.0,43.8198143,-111.79581573333333,Rockland,43.817239,-111.790784,College Residence Hall
142.0,43.8198143,-111.7924908,Enterprise CarShare,43.817808,-111.78636,Rental Car Location
156.0,43.8198143,-111.7924908,Alpine Apartments,43.816059,-111.79024299999999,College Residence Hall
142.0,43.8198143,-111.7924908,Heritage Apartments,43.81651724352495,-111.78735954555535,College Residence Hall
142.0,43.8198143,-111.7924908,Facebookism,43.817936,-111.786687,Electronics Store
141.0,43.8198143,-111.7924908,Ice Cloud,43.817868,-111.787686,Ice Cream Shop
141.0,43.8198143,-111.7924908,Andrew's Piano Paradise,43.816387,-111.788061,Piano Bar
156.0,43.8198143,-111.7924908,Empty Cupboards,43.815797,-111.78888,Mac & Cheese Joint
141.0,43.8198143,-111.7924908,Craigos Sourdough Pizza,43.817745,-111.787543,Pizza Place
142.0,43.8198143,-111.78916586666666,BYU-Idaho Center,43.818482397067285,-111.78469860444861,Performing Arts Venue
142.0,43.8198143,-111.78916586666666,Nielson's,43.817771911621094,-111.78520965576172,Ice Cream Shop
127.0,43.8198143,-111.78916586666666,Hart pool,43.81953430175781,-111.78438568115234,Pool
127.0,43.8198143,-111.78916586666666,Thor Hall,43.81983989865577,-111.78537368774414,Historic Site
128.0,43.8198143,-111.78916586666666,barrus hall,43.8190202208905,-111.784050410745,College Theater
157.0,43.8198143,-111.78916586666666,Somerset Apartments Lounge,43.816179,-111.787021,General Entertainment
127.0,43.8198143,-111.78916586666666,Hart Booth,43.819652,-111.785644,College Auditorium
142.0,43.8198143,-111.78916586666666,Mountain Pines,43.817438,-111.78719699999999,Residential Building (Apartment / Condo)
128.0,43.8198143,-111.78584093333333,BYUI I-Center Track,43.819494928253256,-111.78402458124485,Athletics & Sports
143.0,43.8198143,-111.78584093333333,Freshëns,43.81846789542829,-111.78309187337878,Bagel Shop
142.0,43.8198143,-111.78584093333333,Moxie Office Rexburg,43.81800600165589,-111.78745339959926,Club House
143.0,43.8198143,-111.78584093333333,MC Event Management Office,43.81821812135037,-111.78292751312256,Conference Room
128.0,43.8198143,-111.78584093333333,The Writing Center,43.81918734063724,-111.78323661070199,College Library
128.0,43.8198143,-111.78584093333333,Express Print and Copy,43.81868903452262,-111.78275500819858,Paper / Office Supplies Store
143.0,43.8198143,-111.78584093333333,BYU-I Dance Department,43.818489020990874,-111.78305194951164,College Classroom
143.0,43.8198143,-111.78584093333333,Chick-fil-A,43.818526,-111.782375,Fast Food Restaurant
143.0,43.8198143,-111.78584093333333,Testing Center,43.81855099570278,-111.78331911563873,General College & University
142.0,43.8198143,-111.78584093333333,BYU-I Rigby Hall,43.81713345999975,-111.78439735703454,General College & University
128.0,43.8198143,-111.78584093333333,BYUI Skybridge (MC),43.81864887005599,-111.78284082189826,College Quad
143.0,43.8198143,-111.78584093333333,MC Market,43.81857531465859,-111.78290125228884,College Cafeteria
128.0,43.8198143,-111.78584093333333,Student Technology Center,43.81943,-111.783459,College Lab
128.0,43.8198143,-111.78584093333333,The Commons (In David O. McKay Library),43.81941322589153,-111.78326361525477,College Library
142.0,43.8198143,-111.78584093333333,Harris Hall Apartments,43.81819139987455,-111.78711149930747,Residential Building (Apartment / Condo)
143.0,43.8198143,-111.78584093333333,MC Bowling Alley,43.818575,-111.782759,Athletics & Sports
128.0,43.8198143,-111.78584093333333,Beehive BYU-Idaho ATM,43.818624,-111.782672,Bank
128.0,43.8198143,-111.78584093333333,Computer Help Desk,43.819264,-111.783246,College Lab
143.0,43.8198143,-111.78584093333333,BYU-I Student Activities,43.818548621628416,-111.78383916507475,College Administrative Building
128.0,43.8198143,-111.78584093333333,Smith Quad,43.819154809559286,-111.78215503692627,College Quad
142.0,43.8198143,-111.78584093333333,course improvement office,43.81723,-111.785448,Coworking Space
128.0,43.8198143,-111.782516,Hyrum Manwaring Student Center,43.81863051121772,-111.78272422423899,Student Center
143.0,43.8198143,-111.782516,BYU Bookstore,43.817981838762016,-111.78222889564299,College Bookstore
128.0,43.8198143,-111.782516,University Store,43.8186629626658,-111.78276103498955,College Bookstore
144.0,43.8198143,-111.782516,Enterprise CarShare,43.817889,-111.78084,Rental Car Location
128.0,43.8198143,-111.782516,The Crossroads,43.81864083448886,-111.78270253308388,College Cafeteria
143.0,43.8198143,-111.782516,MC Little Theater - Hyrum Manwaring Building,43.818168220491906,-111.78214577128122,Jazz Club
143.0,43.8198143,-111.782516,Tito's Tacos,43.81801766804194,-111.78209349187556,Taco Place
143.0,43.8198143,-111.782516,Taylor Quad,43.817680099578084,-111.78248226642609,College Quad
143.0,43.8198143,-111.782516,Spencer W. Kimball 292 Conference Room,43.81731755,-111.78177772,None
144.0,43.8198143,-111.782516,Online Advising,43.818028,-111.780469,Office
143.0,43.8198143,-111.782516,Rexburg YSA 38th Ward Church,43.818279,-111.782611,Church
128.0,43.8198143,-111.782516,BYU-Idaho Family History Computer Lab,43.819435119628906,-111.78250885009766,College Classroom
128.0,43.8198143,-111.782516,MC 142,43.818831,-111.782296,College Administrative Building
143.0,43.8198143,-111.782516,MC Icomm Office,43.818065,-111.782208,Tech Startup
143.0,43.8198143,-111.782516,Soapbox Agency,43.81805681221793,-111.78212018631469,Office
143.0,43.8198143,-111.782516,Grandpa's Southern BBQ,43.81819152832031,-111.78179931640625,BBQ Joint
143.0,43.8198143,-111.782516,BYUI Academic Discovery Center,43.818356002836644,-111.78335307888865,College Academic Building
143.0,43.8198143,-111.782516,MC Little Theatre 372A,43.818075,-111.782481,College Auditorium
143.0,43.8198143,-111.77919106666667,Spencer W. Kimball Bldg.,43.81730253733098,-111.78156374842631,College Administrative Building
143.0,43.8198143,-111.77919106666667,BYU-I Academic Office,43.817398,-111.781318,College Administrative Building
128.0,43.8198143,-111.77919106666667,MC Bowling Alley,43.81862474440503,-111.78273401448443,Bowling Alley
143.0,43.8198143,-111.77919106666667,Café Kimball,43.81690208829768,-111.78147912025452,College Cafeteria
143.0,43.8198143,-111.77919106666667,Executive Office,43.817456,-111.781586,College Administrative Building
143.0,43.8198143,-111.77919106666667,Financial Aid Office,43.81730270385742,-111.78152465820312,College Administrative Building
143.0,43.8198143,-111.77919106666667,Housing & Student Living Office,43.817158,-111.781503,College Administrative Building
159.0,43.8198143,-111.7725412,YSA 48th Ward,43.815875,-111.779718,Church
143.0,43.8198143,-111.7725412,MC Special Events Room,43.81814844973944,-111.78137183189392,Conference Room
160.0,43.8198143,-111.76921626666667,Avilla,43.81446721424264,-111.77586179142496,Residential Building (Apartment / Condo)
175.0,43.8198143,-111.76589133333334,Legacy Ridge,43.811968896218,-111.77721021774545,Residential Building (Apartment / Condo)
159.0,43.8198143,-111.76589133333334,Gordon B. Hinckley Bldg.,43.81591958627528,-111.77972191534725,College Academic Building
175.0,43.8198143,-111.75924146666668,Drooling,43.811875,-111.776792,Concert Hall
197.0,43.8174161,-111.80579053333332,Taylor Cadillac of Rexburg,43.808887207932834,-111.80369585752487,Auto Dealership
196.0,43.8174161,-111.80579053333332,Taylor Chevrolet,43.80874273729045,-111.80451980439786,Auto Dealership
211.0,43.8174161,-111.80579053333332,Sage Day Spa,43.80642570789351,-111.80458100627999,Spa
197.0,43.8174161,-111.80579053333332,Taylor Chevrolet Buick Cadillac,43.80882701542476,-111.80367140103044,Auto Dealership
211.0,43.8174161,-111.80579053333332,Anytime Fitness,43.80621,-111.80522,Gym / Fitness Center
169.0,43.8174161,-111.80579053333332,Madison County WIC,43.811888,-111.796543,Doctor's Office
169.0,43.8174161,-111.80579053333332,The Throne Room,43.81185231984847,-111.79645558163087,Rest Area
197.0,43.8174161,-111.80579053333332,SRV-IT Computer Repair Depot,43.80884268856866,-111.8032693862915,Tech Startup
169.0,43.8174161,-111.80579053333332,Wagon Wheel 29,43.81182,-111.796416,Residential Building (Apartment / Condo)
169.0,43.8174161,-111.80579053333332,Wagon Wheel Apartments,43.811839,-111.796499,Residential Building (Apartment / Condo)
184.0,43.8174161,-111.80579053333332,Hyde Park,43.810867487916816,-111.79575439862607,Residential Building (Apartment / Condo)
182.0,43.8174161,-111.80579053333332,Teton-Vu Drive in,43.810165,-111.803286,Movie Theater
138.0,43.8174161,-111.80246559999999,0500 Mechanics,43.81749,-111.79869,None
170.0,43.8174161,-111.80246559999999,The Towers,43.813169,-111.792727,Residential Building (Apartment / Condo)
155.0,43.8174161,-111.80246559999999,Brighton Towhomes,43.81385658188337,-111.7915906094588,Residential Building (Apartment / Condo)
156.0,43.8174161,-111.79914066666666,Derf Dungeon,43.814104,-111.790414,Spiritual Center
156.0,43.8174161,-111.79914066666666,Shel 9,43.814204,-111.790344,Karaoke Bar
156.0,43.8174161,-111.79914066666666,Shelbourne Apartments,43.81454060917585,-111.79039534290136,Residential Building (Apartment / Condo)
156.0,43.8174161,-111.79914066666666,Shel9,43.814261,-111.790338,Residential Building (Apartment / Condo)
156.0,43.8174161,-111.79581573333333,The Lions Den,43.8139379024506,-111.789536476135,None
169.0,43.8174161,-111.79581573333333,The Gates,43.81230890249439,-111.79470467172037,College Residence Hall
157.0,43.8174161,-111.7924908,Self Car Wash,43.81517617379049,-111.78729854584749,Car Wash
157.0,43.8174161,-111.7924908,BYU-Idaho Recycling Center,43.815036368204964,-111.78749799728394,Recycling Facility
156.0,43.8174161,-111.7924908,The Kitchen,43.814647,-111.788222,Restaurant
156.0,43.8174161,-111.7924908,Kappa Phi Oh 7,43.814744957446806,-111.7882121352656,Sorority House
156.0,43.8174161,-111.7924908,Nauvoo House,43.81453177555266,-111.789240946824,Residential Building (Apartment / Condo)
155.0,43.8174161,-111.7924908,Mountain Lofts,43.81503838212635,-111.79201079346686,Residential Building (Apartment / Condo)
154.0,43.8174161,-111.7924908,Northgate Apartments,43.81434261271468,-111.79438432524452,Residential Building (Apartment / Condo)
142.0,43.8174161,-111.7924908,Shake Out,43.81796314421307,-111.78692557882765,Burger Joint
169.0,43.8174161,-111.7924908,Southgate Apartments,43.81337632252796,-111.79506043156987,Residential Building (Apartment / Condo)
155.0,43.8174161,-111.7924908,Bountiful Place,43.814753825412346,-111.79394230807874,Residential Building (Apartment / Condo)
156.0,43.8174161,-111.7924908,Nauvoo Club House,43.815177381631294,-111.7889223164232,Dive Spot
25.0,43.8174161,-111.78916586666666,Walmart,43.837173381143515,-111.77605734788845,Big Box Store
142.0,43.8174161,-111.78916586666666,Biddulph Hall,43.81722614518199,-111.78501527381039,College Residence Hall
142.0,43.8174161,-111.78916586666666,crepe corner,43.8163948059082,-111.78475952148438,Breakfast Spot
157.0,43.8174161,-111.78916586666666,Mark Austin Auto Shop,43.815796,-111.784271,Automotive Shop
156.0,43.8174161,-111.78916586666666,Nauvoo Gym,43.81431208027252,-111.78820918526345,Gym
142.0,43.8174161,-111.78916586666666,Student Support Office,43.817142,-111.784494,Student Center
142.0,43.8174161,-111.78916586666666,Fleet Services & Vehicle Rentals,43.816261291503906,-111.78651428222656,Automotive Shop
158.0,43.8174161,-111.78916586666666,Cadaver Lab,43.815698129151954,-111.78310171027391,College Science Building
142.0,43.8174161,-111.78916586666666,Ricks 161,43.816497802734375,-111.78472900390625,College Classroom
158.0,43.8174161,-111.78584093333333,Ricks Gardens,43.81594606885911,-111.78202235820775,Garden
157.0,43.8174161,-111.78584093333333,Mark Austin Technical & Engineering Bldg,43.81611171199217,-111.78457522722728,College Academic Building
83.0,43.8174161,-111.78584093333333,Main Street Diamonds,43.826423,-111.78233200000001,Jewelry Store
157.0,43.8174161,-111.78584093333333,Science and Technology Center,43.814681,-111.784498,College Science Building
143.0,43.8174161,-111.78584093333333,John Taylor Bldg.,43.81684204414554,-111.78274183091085,College Academic Building
142.0,43.8174161,-111.78584093333333,Rigby 242,43.816991,-111.784339,College Administrative Building
157.0,43.8174161,-111.78584093333333,University Operations Bldg.,43.81605826360875,-111.78557753562927,General College & University
158.0,43.8174161,-111.782516,Ezra Taft Benson Building,43.81574085857534,-111.78309917449951,College Science Building
159.0,43.8174161,-111.782516,Garden View Café,43.815148622721715,-111.78081393241882,College Cafeteria
158.0,43.8174161,-111.782516,Thomas E. Ricks Bldg.,43.81487069974845,-111.780939397453,College Math Building
158.0,43.8174161,-111.782516,ricks 178,43.81520146108166,-111.78094039970622,College Classroom
173.0,43.8174161,-111.782516,Byui Free Parking,43.81277745014281,-111.7821609708398,University
158.0,43.8174161,-111.782516,Neuroscience Lab,43.8156916354791,-111.7830424725259,College Lab
158.0,43.8174161,-111.782516,Stores and Receiving,43.814624547958374,-111.78308844566345,Post Office
158.0,43.8174161,-111.77919106666667,Accounting/econ lab,43.814909,-111.78257882595062,College Lab
158.0,43.8174161,-111.7725412,BYU-I Apple Orchard,43.814091873569105,-111.78176879882812,Farmers Market
189.0,43.8174161,-111.7725412,Church of Jesus Christ of Latter-Day Saints Rexburg Temple,43.810899,-111.779059,Church
189.0,43.8174161,-111.76921626666667,Rexburg Idaho Temple,43.8106911763343,-111.77885417318483,Temple
196.0,43.8150179,-111.80579053333332,Expidition Firearms,43.806968560688446,-111.80582236199199,Other Great Outdoors
198.0,43.8150179,-111.80579053333332,Mesa Falls Apartments,43.807365,-111.800027,Residential Building (Apartment / Condo)
196.0,43.8150179,-111.80579053333332,North Fork Dental Care,43.80743490637155,-111.8049854718277,Dentist's Office
171.0,43.8150179,-111.79581573333333,Enterprise CarShare,43.812629,-111.78935,Rental Car Location
185.0,43.8150179,-111.79581573333333,The Church of Jesus Christ of Latter-day Saints,43.810748,-111.79144099999999,Church
171.0,43.8150179,-111.79581573333333,Rexburg Care And Rehab Center,43.81272407278912,-111.78978970788737,Medical Center
171.0,43.8150179,-111.79581573333333,The Ivy,43.81287276580406,-111.78819846228403,Residential Building (Apartment / Condo)
172.0,43.8150179,-111.78916586666666,BYUI Sports Fields,43.813001456600254,-111.78489703368672,Field
171.0,43.8150179,-111.78916586666666,Lulu Bella Botique,43.81203772735198,-111.7880609082848,Boutique
172.0,43.8150179,-111.78916586666666,BYU-Idaho Ropes Course,43.813500755124124,-111.78634928859005,Other Great Outdoors
171.0,43.8150179,-111.78916586666666,Center Square Apartments,43.81212513302751,-111.78751047961822,Residential Building (Apartment / Condo)
158.0,43.8150179,-111.78584093333333,U.S. Bank ATM,43.81412125,-111.7830887,ATM
158.0,43.8150179,-111.78584093333333,Sprint Store,43.814085999999996,-111.78313600000001,Mobile Phone Shop
173.0,43.8150179,-111.78584093333333,University Press,43.81378,-111.783111,Paper / Office Supplies Store
158.0,43.8150179,-111.78584093333333,Auxiliary Services Building,43.81412792161264,-111.78322584961914,College Administrative Building
187.0,43.8150179,-111.782516,BYU-Idaho Upper Soccer Fields,43.811157781556496,-111.78489022559496,Soccer Field
188.0,43.8150179,-111.782516,The Church of Jesus Christ of Latter-day Saints,43.81082524511604,-111.78137440799996,Church
188.0,43.8150179,-111.782516,Church,43.810789,-111.781258,Church
212.0,43.8126197,-111.80579053333332,Madison Dentistry,43.806350990109,-111.80342147010215,Dentist's Office
201.0,43.8126197,-111.79914066666666,University Village,43.808943641197374,-111.78846828114011,College Residence Hall
186.0,43.8126197,-111.79914066666666,The Church of Jesus Christ of Latter-day Saints,43.80932316314519,-111.78863575533744,Church
187.0,43.8126197,-111.79581573333333,4 Plex Field #3,43.81032095163581,-111.78601164196485,Recreation Center
188.0,43.8126197,-111.7924908,4 Plex field #1,43.81034920431313,-111.7841337231976,Soccer Field
